name,email
Dfgzvtg Izytz,dfgzvtg.izytz4769@fakemail.net
Okyf Smqzam,okyf.smqzam6639@mailtest.io
Cnih Ybcpyp,cnih.ybcpyp3778@fakemail.net
Nxcy Tcegrlzb,nxcy.tcegrlzb4587@mailtest.io
Xtmhjq Pmnlx,xtmhjq.pmnlx7016@dummyemail.com
Iddzt Prfmccd,iddzt.prfmccd1551@example.com
Pvwq Ybejfx,pvwq.ybejfx8530@fakemail.net
Jxkm Aiswwc,jxkm.aiswwc5777@dummyemail.com
Pznxlb Ljmpuog,pznxlb.ljmpuog5862@fakemail.net
Adww Unrnr,adww.unrnr4887@fakemail.net
Bmekiou Lpjdyqy,bmekiou.lpjdyqy370@testmail.com
Iftnyu Ugntoboi,iftnyu.ugntoboi1311@testmail.com
Gjekp Xmuoiu,gjekp.xmuoiu2571@example.com
Abvmy Sjorx,abvmy.sjorx1044@mailtest.io
Uymp Wjqtkmq,uymp.wjqtkmq1689@fakemail.net
Qthcfhm Xwsrjhi,qthcfhm.xwsrjhi9911@dummyemail.com
Ueun Imszpxh,ueun.imszpxh1031@mailtest.io
Xnucq Axrhj,xnucq.axrhj1481@example.com
Uxabycd Ycvzkq,uxabycd.ycvzkq687@dummyemail.com
Nbstmka Deyik,nbstmka.deyik9012@dummyemail.com
Spik Xathixke,spik.xathixke5902@example.com
Pzfsp Vabbktp,pzfsp.vabbktp6810@testmail.com
Corweb Hnuoskz,corweb.hnuoskz9916@fakemail.net
Ycxxeg Kdehux,ycxxeg.kdehux1785@testmail.com
Ipsg Dbmgdub,ipsg.dbmgdub67@mailtest.io
Rjgw Hremvs,rjgw.hremvs7710@testmail.com
Jlpkv Dpamlq,jlpkv.dpamlq3316@fakemail.net
Zoxgx Dwmymoup,zoxgx.dwmymoup1450@fakemail.net
Rnltni Phgqfek,rnltni.phgqfek6826@dummyemail.com
Cskfa Hfdit,cskfa.hfdit5275@mailtest.io
Kblp Wbngl,kblp.wbngl797@example.com
Miyp Qtlmf,miyp.qtlmf5197@testmail.com
Uzhcz Oexvukzp,uzhcz.oexvukzp7573@fakemail.net
Tjkzkq Yelcf,tjkzkq.yelcf7877@fakemail.net
Astjdc Xiqbzd,astjdc.xiqbzd8004@dummyemail.com
Khljtl Yehqbx,khljtl.yehqbx4485@example.com
Dmtutx Xadmjgx,dmtutx.xadmjgx3579@testmail.com
Jsxvc Dvfte,jsxvc.dvfte4411@example.com
Mwcbwr Iismfq,mwcbwr.iismfq500@example.com
Vrryp Zhddwfep,vrryp.zhddwfep2358@dummyemail.com
Koxkjy Kpuva,koxkjy.kpuva9852@example.com
Powmsb Bsdvugeq,powmsb.bsdvugeq3594@mailtest.io
Krmxynh Kwlyzb,krmxynh.kwlyzb5968@example.com
Yhvioz Qahyxd,yhvioz.qahyxd6320@mailtest.io
Gbrjgj Rqotwy,gbrjgj.rqotwy4809@example.com
Hirl Qszclq,hirl.qszclq930@mailtest.io
Stixzzc Ahvxh,stixzzc.ahvxh193@fakemail.net
Ymhywr Yselv,ymhywr.yselv2917@fakemail.net
Ubjwh Obiksad,ubjwh.obiksad4567@example.com
Dyrjimz Dfupfmd,dyrjimz.dfupfmd8065@dummyemail.com
Sfwake Vhnlfi,sfwake.vhnlfi7887@testmail.com
Cyfn Zvqsjpj,cyfn.zvqsjpj1847@dummyemail.com
Xtosfv Xzaswzaf,xtosfv.xzaswzaf161@fakemail.net
Bwai Koizc,bwai.koizc4108@example.com
Qvdq Ahffz,qvdq.ahffz3901@testmail.com
Vcgwlr Ghhqcvw,vcgwlr.ghhqcvw4395@example.com
Qhavtkf Ilrch,qhavtkf.ilrch6242@testmail.com
Zvpieqf Afagxhpm,zvpieqf.afagxhpm2968@example.com
Sgil Iztbfb,sgil.iztbfb8344@dummyemail.com
Ydszwo Ybsxyoaq,ydszwo.ybsxyoaq9255@dummyemail.com
Vystr Pmbzz,vystr.pmbzz9565@mailtest.io
Izqw Fopgm,izqw.fopgm9328@dummyemail.com
Zirxatq Zabhw,zirxatq.zabhw2532@testmail.com
Tcdjoq Gnhxsjs,tcdjoq.gnhxsjs6944@dummyemail.com
Clmlwfv Qgiquc,clmlwfv.qgiquc9345@mailtest.io
Gupepmm Qspqlh,gupepmm.qspqlh3917@testmail.com
Vualo Glayick,vualo.glayick1186@dummyemail.com
Iauegoe Yuhqkua,iauegoe.yuhqkua1197@example.com
Kxhmbs Hzoymhcp,kxhmbs.hzoymhcp3347@example.com
Dqrwr Ejdtfls,dqrwr.ejdtfls3984@fakemail.net
Hqvo Nviis,hqvo.nviis6205@example.com
Tbmu Btwekx,tbmu.btwekx8613@fakemail.net
Befnrt Qnqpj,befnrt.qnqpj1031@testmail.com
Anpyoxv Exscss,anpyoxv.exscss661@dummyemail.com
Kvjoqbt Gqfwgwd,kvjoqbt.gqfwgwd5927@dummyemail.com
Kltkm Lvjyco,kltkm.lvjyco6155@example.com
Njmxiyl Slqkpr,njmxiyl.slqkpr3466@testmail.com
Pwmlmci Mejmlrl,pwmlmci.mejmlrl8339@fakemail.net
Uejssnh Fzfujmcn,uejssnh.fzfujmcn1665@fakemail.net
Dmwd Vxiuew,dmwd.vxiuew4322@testmail.com
Wszwew Lmejlnc,wszwew.lmejlnc5803@testmail.com
Gpit Lpgehwg,gpit.lpgehwg1778@dummyemail.com
Hrmswi Kyhpbuj,hrmswi.kyhpbuj547@example.com
Wnwa Jppvu,wnwa.jppvu6592@dummyemail.com
Rtuvep Uhdjqg,rtuvep.uhdjqg9969@mailtest.io
Aquv Yhnuuwnc,aquv.yhnuuwnc6454@mailtest.io
Snuu Dqbzrf,snuu.dqbzrf1357@testmail.com
Cyuwvgq Qkbdzi,cyuwvgq.qkbdzi2142@dummyemail.com
Pmcm Hrris,pmcm.hrris5150@testmail.com
Ezpotmf Ehnapj,ezpotmf.ehnapj1357@example.com
Dpemd Wfnqvbg,dpemd.wfnqvbg9259@mailtest.io
Oafpdt Wzfrkam,oafpdt.wzfrkam475@fakemail.net
Cxkg Cstpyexz,cxkg.cstpyexz9161@example.com
Bfhsj Ixsui,bfhsj.ixsui9932@fakemail.net
Dkad Xjrixq,dkad.xjrixq1113@dummyemail.com
Sjpj Xspvcgmm,sjpj.xspvcgmm4641@dummyemail.com
Lpwk Bapscrxs,lpwk.bapscrxs8731@dummyemail.com
Lppm Bwifrk,lppm.bwifrk2907@dummyemail.com
Ejntsl Hpzyshz,ejntsl.hpzyshz630@example.com
Xsujm Kjfhx,xsujm.kjfhx2669@example.com
